round,round_status,round_start_s,round_target_s,round_finalize_s,round_duration_s,satellite_count,total_sum,norm_annualcrop,norm_forest,norm_herbaceousvegetation,norm_highway,norm_industrial,norm_pasture,norm_permanentcrop,norm_residential,norm_river,norm_sealake,landcover_norm_tree_cover,landcover_norm_shrubland,landcover_norm_grassland,landcover_norm_cropland,landcover_norm_built_up,landcover_norm_bare_sparse_vegetation,landcover_norm_snow_and_ice,landcover_norm_permanent_water_bodies,landcover_norm_herbaceous_wetland,landcover_norm_mangroves,landcover_norm_moss_and_lichen
1,complete,0,89.60676368778634,90,90,200,17999.999999999996,0.019119988901532808,0.15834109241410738,0.11122930192049865,0.0010540401925858076,0.0010540401925858076,0.10849134873928698,0.019119988901532808,0.0010540401925858076,0.29026807927264203,0.29026807927264203,0.15723921077508354,0.03623278926952481,0.10849134873928698,0.038239977803065615,0.0031621205777574253,0.06590754567538398,0.003642085102481466,0.5768940734428025,0.00517604055198691,0.0011018816390237934,0.003912926423602979
2,complete,91,180.60676368778633,181,90,200,17999.999999999996,0.02363207199903818,0.15945581455442412,0.1068513580715249,0.0015980213764832283,0.0015980213764832283,0.12108873651424985,0.02363207199903818,0.0015980213764832283,0.28027294136613756,0.28027294136613756,0.15874453042785647,0.036307656630778944,0.12108873651424983,0.04726414399807635,0.004794064129449689,0.06401720296371283,0.0029271136029399803,0.5576187691293352,0.0037017473941868932,0.0007112841265676059,0.0028247510828462545
3,complete,182,271.6067636877863,272,90,200,18000.000000000007,0.024408704169833834,0.1562986438782107,0.10721350471998445,0.0016470143218344736,0.0016470143218344736,0.12115077077355436,0.024408704169833834,0.0016470143218344736,0.28078931466153967,0.28078931466153967,0.15544648938129418,0.03504451960750453,0.12115077077355434,0.048817408339667655,0.004941042965503422,0.065632851571257,0.0022485968510276098,0.5593300324720517,0.003958860976268655,0.000852154496916543,0.0025772725649542507
4,complete,273,362.6067636877863,363,90,200,18000.00000000001,0.023191479335026667,0.17115528710963046,0.08966437119608876,0.0015351473508582263,0.0015351473508582263,0.11395031955080251,0.023191479335026667,0.0015351473508582263,0.28712081071042506,0.28712081071042506,0.17004555863788962,0.03215883221391775,0.11395031955080254,0.04638295867005334,0.004605442052574682,0.050944463905366937,0.002980929465616966,0.5712606919552332,0.0037221762469231605,0.0011097284717408273,0.0028388988298808926
5,complete,364,453.6067636877863,454,90,200,17999.999999999996,0.023936148042721827,0.151596327959351,0.10206113688579901,0.0015924547885511693,0.0015924547885511693,0.11787159596718498,0.023936148042721827,0.0015924547885511693,0.2879106393682839,0.2879106393682839,0.15072738759522644,0.0320298054241989,0.11787159596718493,0.04787229608544363,0.004777364365653507,0.06355951945895456,0.002382427447896418,0.5734388512886717,0.0037541894470583498,0.0008689403641244933,0.002717622555587141
6,complete,455,544.6067636877864,545,90,200,18000.0,0.023215745612710094,0.14925091453147915,0.10756474344846609,0.0015292891641110662,0.0015292891641110662,0.11722947710856088,0.023215745612710094,0.0015292891641110662,0.2874677530968703,0.2874677530968703,0.1483677905598035,0.03597887820331484,0.11722947710856087,0.04643149122542018,0.004587867492333199,0.06482395902363858,0.0030690546698530934,0.5718664515238875,0.00391934963506152,0.0008831239716755246,0.0028425565864511966
7,complete,546,635.6067636877864,636,90,200,18000.0,0.01933641071213524,0.15538088349103094,0.11709927513468094,0.0010882238691680216,0.0010882238691680216,0.10928495710888597,0.01933641071213524,0.0010882238691680216,0.28814869561681383,0.28814869561681383,0.1543484344314665,0.03997398220357998,0.10928495710888597,0.03867282142427048,0.0032646716075040647,0.06749924704294094,0.00430867278363624,0.5719887184499913,0.005279626594094833,0.0010324490595645212,0.004346419294065136
8,complete,637,726.6067636877864,727,90,200,18000.0,0.02006785008856373,0.15102986892036685,0.11207845105776834,0.0011983392540199326,0.0011983392540199326,0.1096266570195804,0.02006785008856373,0.0011983392540199326,0.29176715253154856,0.29176715253154856,0.15004737904639148,0.036223323657561646,0.10962665701958037,0.040135700177127455,0.0035950177620597988,0.06754919548579491,0.0030975131822106043,0.5804367918808865,0.004687437546975035,0.000982489873975344,0.0036184943674367593
9,complete,728,817.6067636877864,818,90,200,18000.0,0.02324256264416321,0.15720155301346114,0.10521830458685677,0.001545633912428544,0.001545633912428544,0.11868059168710503,0.02324256264416321,0.001545633912428544,0.2838887618434825,0.2838887618434825,0.1563803915385377,0.03444507577114674,0.11868059168710501,0.046485125288326413,0.004636901737285634,0.06418686069311608,0.0029581079018990734,0.564819415785066,0.003726566985809908,0.0008211614749234108,0.002859801136784087
10,complete,819,908.6067636877864,909,90,200,18000.000000000004,0.02443464880782629,0.16497693205529823,0.10046397978986657,0.0016244750759772675,0.0016244750759772675,0.12152243513425368,0.02443464880782629,0.0016244750759772675,0.2796469650884985,0.2796469650884985,0.16405039843106817,0.03568969589144286,0.12152243513425366,0.04886929761565257,0.0048734252279318034,0.05822944072540459,0.002267864013488004,0.5570260661635094,0.0039889279008097234,0.0009265336242298976,0.0025559152722094006
11,complete,910,999.6067636877864,1000,90,200,17999.999999999996,0.023554897022790802,0.1691328979340529,0.09897014415806278,0.0015484476840985162,0.0015484476840985162,0.11548895377454381,0.023554897022790802,0.0015484476840985162,0.28232643351773173,0.28232643351773173,0.16815297944634588,0.03413932703938352,0.11548895377454381,0.047109794045581604,0.00464534305229555,0.058292083646886934,0.002956121548178835,0.5616967454872847,0.003711600411543431,0.0009799184877069863,0.0028271330602488483
12,complete,1001,1090.6067636877863,1091,90,200,17999.999999999996,0.02399098336629202,0.15400321425693902,0.10308715629200577,0.0015663954474402534,0.0015663954474402534,0.11769306262474791,0.02399098336629202,0.0015663954474402534,0.28626770687570124,0.28626770687570124,0.15314580717100393,0.031765560296107144,0.11769306262474788,0.047981966732584036,0.004699186342320761,0.0647831433592902,0.002475867181666371,0.5700595465697362,0.0037807109662672147,0.0008574070859351114,0.002757741670341221
13,complete,1092,1181.6067636877863,1182,90,200,17999.999999999993,0.021327976226102958,0.15275995897187683,0.10694044445703756,0.0013482193733660177,0.0013482193733660177,0.1156629497998508,0.021327976226102958,0.0013482193733660177,0.28896801809946543,0.28896801809946543,0.15184186727616472,0.035408426039083785,0.1156629497998508,0.042655952452205916,0.0040446581200980535,0.06380881146219804,0.003606268085333964,0.5743297681135969,0.0043474081911026455,0.0009180916957120662,0.00337579876465312
14,complete,1183,1272.6067636877863,1273,90,200,18000.0,0.0191342412557105,0.15572694074756602,0.11697693954796194,0.0010892976698340007,0.0010892976698340007,0.11028448001009754,0.0191342412557105,0.0010892976698340007,0.28773763208672576,0.28773763208672576,0.15466613425711462,0.039643839280243766,0.1102844800100975,0.03826848251142099,0.003267893009502001,0.06771537139378035,0.004425801596862637,0.5710494625765888,0.005220324459287439,0.0010608064904514443,0.004397404414650317
15,complete,1274,1363.6067636877863,1364,90,200,17999.999999999993,0.0218209589478314,0.14524439696253236,0.1127432488161531,0.001370858763472898,0.001370858763472898,0.111778517825649,0.0218209589478314,0.001370858763472898,0.29123967110479204,0.29123967110479204,0.14437128618425288,0.03648667493123785,0.11177851782564897,0.043641917895662796,0.004112576290418694,0.06900709613832752,0.0027990318315376478,0.5796803103780466,0.004134186693051509,0.0008731107782794212,0.0031152910535362224
16,complete,1365,1454.6067636877863,1455,90,200,18000.0,0.02297750240189721,0.15425595544316617,0.10393889615930471,0.001492899112501166,0.001492899112501166,0.1162668209135319,0.02297750240189721,0.001492899112501166,0.2875523126713497,0.2875523126713497,0.1533262066008678,0.032490298022600395,0.11626682091353188,0.045955004803794414,0.004478697337503501,0.0647885468058823,0.0030018606642784732,0.572102764678421,0.0037634017790163917,0.0009297488422983009,0.002896649551805569
17,complete,1456,1545.6067636877863,1546,90,200,18000.000000000007,0.023930538253963532,0.17034241891698196,0.09399532720101657,0.0015913052165921482,0.0015913052165921482,0.11985576399243314,0.023930538253963532,0.0015913052165921482,0.28158574886593246,0.28158574886593246,0.169362442043938,0.03642482519733339,0.11985576399243314,0.047861076507927064,0.004773915649776443,0.05102222247370243,0.0022661236490876565,0.5609053740827773,0.003991875843737127,0.0009799768730438432,0.0025564036862436735
18,complete,1547,1636.6067636877863,1637,90,200,18000.000000000004,0.02403600132414999,0.1604336589359961,0.10827075823717404,0.0015682441736720306,0.0015682441736720306,0.11438873432914903,0.02403600132414999,0.0015682441736720306,0.28206505666418236,0.28206505666418236,0.15949105489779,0.03614988738637301,0.114388734329149,0.048072002648299965,0.00470473252101609,0.06546985088646183,0.002937352559684809,0.5611927607686801,0.0038293636303389535,0.0009426040382059592,0.0028216563340002455
19,complete,1638,1727.6067636877863,1728,90,200,18000.0,0.02347055476276603,0.1553819237290141,0.1080492056209118,0.0015518779384229627,0.0015518779384229627,0.11786242614167643,0.02347055476276603,0.0015518779384229627,0.2835548505837983,0.2835548505837983,0.15459566864382365,0.03415083331071318,0.1178624261416764,0.04694110952553204,0.00465563381526889,0.06743250632200143,0.0025103164699621975,0.5645993846976345,0.0036711849629693324,0.0007862550851904792,0.0027946810252278366
20,complete,1729,1818.6067636877863,1819,90,200,18000.0,0.02031163650223183,0.15710312169560395,0.1066828722712838,0.0011610292679534642,0.0011610292679534642,0.11464948200578717,0.02031163650223183,0.0011610292679534642,0.2887290816095005,0.2887290816095005,0.15612709623418847,0.03467622931846491,0.11464948200578717,0.04062327300446366,0.0034830878038603925,0.06333357357323088,0.0041082012034798845,0.5733499620155211,0.004907067276240509,0.0009760254614154947,0.003766002103347434
21,complete,1820,1909.6067636877863,1910,90,200,18000.000000000007,0.018647630118124054,0.15861541435058416,0.11469639126782914,0.0010930614866105682,0.0010930614866105682,0.11237290111770418,0.018647630118124054,0.0010930614866105682,0.28687042428390136,0.28687042428390136,0.15758538410734818,0.038376615204742455,0.11237290111770418,0.03729526023624811,0.003279184459831703,0.06676680213539343,0.004540085126839693,0.5692007634409632,0.005113968344035996,0.0010300302432359777,0.004439005583657217
22,complete,1911,2000.6067636877863,2001,90,200,17999.999999999996,0.024350326518975538,0.14336754368512175,0.11162130205301693,0.001569778993254118,0.001569778993254118,0.11222866894459152,0.024350326518975538,0.001569778993254118,0.2896862476497782,0.2896862476497782,0.14248868289612512,0.03623965208097222,0.11222866894459146,0.048700653037951055,0.004709336979762354,0.06897795704919822,0.0024444631311395944,0.5769280321684169,0.0037329987617935705,0.0008788607889965356,0.0026706941610529114
23,complete,2002,2091.6067636877865,2092,90,200,17999.999999999996,0.0232052333905385,0.14921338763472533,0.10692084109196918,0.0014979045376540359,0.0014979045376540359,0.11494863080890283,0.0232052333905385,0.0014979045376540359,0.28900648003518176,0.28900648003518176,0.14834848450983854,0.03390192396084576,0.11494863080890275,0.046410466781076964,0.004493713612962109,0.06646609624721245,0.00303738543611326,0.5749755746342505,0.0036397839809778026,0.0008649031248866952,0.002913036902933107
24,complete,2093,2182.6067636877865,2183,90,200,18000.0,0.022975714931811775,0.16649210827511804,0.09000561438899857,0.0015323433685563138,0.0015323433685563138,0.11548778020039165,0.022975714931811775,0.0015323433685563138,0.28873301858309963,0.28873301858309963,0.1653415297376843,0.03432580031791569,0.1154877802003916,0.04595142986362353,0.004597030105668938,0.0490318142985755,0.0022545308982626177,0.5752115062679367,0.0040596244044928086,0.0011505785374336642,0.0025883753680145008
25,complete,2184,2273.6067636877865,2274,90,200,18000.000000000007,0.023978181845713466,0.15396820695452434,0.11115144199314912,0.001563540829300601,0.001563540829300601,0.11566119521368692,0.023978181845713466,0.001563540829300601,0.2832860848296554,0.2832860848296554,0.15307870953206995,0.03674264312515373,0.11566119521368692,0.04795636369142693,0.004690622487901802,0.06772258238479509,0.0029400766741942723,0.5636320929851166,0.00387647411264204,0.0008894974224543494,0.002809742370558162
26,complete,2275,2364.6067636877865,2365,90,200,18000.000000000007,0.023040611703049118,0.15580941106539178,0.11143831289103141,0.0015308962090824856,0.0015308962090824856,0.1164045656360163,0.023040611703049118,0.0015308962090824856,0.28283689918710747,0.28283689918710747,0.15500039757254108,0.03554916361531929,0.1164045656360163,0.046081223406098236,0.00459268862724746,0.0693584407375284,0.0025457699821384004,0.5631280283920765,0.0036925832542607263,0.0008090134928506671,0.0028381252839229463
27,complete,2366,2455.6067636877865,2456,90,200,18000.0,0.01968466964505905,0.16067599798651103,0.10671349192505875,0.001035992253938131,0.001035992253938131,0.11302008550738436,0.01968466964505905,0.001035992253938131,0.2885565542645567,0.2885565542645567,0.15969124029882775,0.03538902269126495,0.11302008550738434,0.03936933929011809,0.0031079767618143925,0.0619035604499285,0.004386015502714419,0.5727270930263989,0.005338349055298371,0.0009847576876833295,0.004082559728566908
28,complete,2457,2546.6067636877865,2547,90,200,18000.0,0.020279015973917153,0.15957078233967842,0.11094622897547922,0.001256911656916939,0.001256911656916939,0.11474128177165666,0.020279015973917153,0.001256911656916939,0.28520646999730026,0.28520646999730026,0.15860793238637536,0.03684515950073003,0.11474128177165663,0.04055803194783429,0.003770734970750819,0.06543494000982363,0.004132980959780534,0.5662799590348201,0.004665626343578015,0.0009628499533030232,0.004000503121347577
29,complete,2548,2637.6067636877865,2638,90,200,18000.0,0.0245938050852658,0.14494384541017802,0.11131533216321912,0.0016187152306513396,0.0016187152306513396,0.11287862043926934,0.0245938050852658,0.0016187152306513396,0.28840922306242395,0.28840922306242395,0.14404113218356993,0.0365267353781413,0.1128786204392693,0.04918761017053158,0.0048561456919540185,0.06837237836045573,0.0023616543676506303,0.5744567917571973,0.003779243258249654,0.0009027132266080315,0.002636975166372499
30,complete,2639,2728.6067636877865,2729,90,200,18000.0,0.023226045703528125,0.14752442341375366,0.10625875383246494,0.0014974309144403773,0.0014974309144403773,0.1134335634219761,0.023226045703528125,0.0014974309144403773,0.2909194375907139,0.2909194375907139,0.14663572129134914,0.03494126667226148,0.11343356342197607,0.04645209140705624,0.004492292743321133,0.06482392522743144,0.00306921544349716,0.5787696597379309,0.003571365583130991,0.0008887021224044267,0.0029221963496409795
31,complete,2730,2819.6067636877865,2820,90,200,17999.999999999996,0.02273400589771551,0.15836697704054148,0.09462220068454123,0.0015382542721556697,0.0015382542721556697,0.11437313642336759,0.02273400589771551,0.0015382542721556697,0.2912774556198258,0.2912774556198258,0.15721421529687307,0.034709295783875584,0.11437313642336756,0.045468011795431015,0.004614762816467006,0.0533558079274189,0.002229869749656951,0.5803250414899948,0.003933941071126841,0.0011527617436682962,0.0026231559021199185
32,complete,2821,2910.6067636877865,2911,90,200,18000.0,0.02402771851866538,0.14943420871961077,0.11074977629669562,0.0015722426537843875,0.0015722426537843875,0.11742408224811253,0.02402771851866538,0.0015722426537843875,0.2848098838684486,0.2848098838684486,0.1486196239635572,0.03688128004272886,0.11742408224811253,0.04805543703733076,0.0047167279613531616,0.06722224981869782,0.002922354037458487,0.5666974136994387,0.0038819969933614426,0.000814584756053522,0.002764249441907455
33,complete,2912,3001.6067636877865,3002,90,200,18000.0,0.022265272457856023,0.1573801462697948,0.1117898366455558,0.0013889049013384536,0.0013889049013384536,0.11374621144309492,0.022265272457856023,0.0013889049013384536,0.28419327301091357,0.28419327301091357,0.15641040197665854,0.03628387192431497,0.11374621144309492,0.044530544915712046,0.004166714704015363,0.0679177445500899,0.0028661153422411324,0.565520430679586,0.004310562643513626,0.0009697442931363973,0.0032776575276371655
34,complete,3003,3092.6067636877865,3093,90,200,18000.0,0.019581373708070785,0.1615566938413582,0.10934990928224357,0.0010352166279230782,0.0010352166279230782,0.11283008730089851,0.019581373708070785,0.0010352166279230782,0.2869974561377945,0.2869974561377945,0.16063233864096924,0.037029931080874476,0.1128300873008985,0.039162747416141556,0.0031056498837692347,0.0629801338914221,0.00424133847372698,0.5697535738018618,0.005248814714423089,0.0009243552003891377,0.004091029595523944
35,complete,3094,3183.6067636877865,3184,90,200,18000.000000000004,0.022285689454512304,0.16082463314878404,0.10769488026058077,0.0014095115320486035,0.0014095115320486035,0.11753270274065176,0.022285689454512304,0.0014095115320486035,0.28257393517240653,0.28257393517240653,0.1599009395514978,0.03518791827492571,0.11753270274065174,0.044571378909024593,0.00422853459614581,0.0646609851264013,0.0036294571066328545,0.5615184132381803,0.0043782767715173,0.0009236935972861134,0.003467700087736476
36,complete,3185,3274.6067636877865,3275,90,200,18000.000000000004,0.023997344892773168,0.14808975838673247,0.11004136108456279,0.0016348047941673472,0.0016348047941673472,0.11558589523482109,0.023997344892773168,0.0016348047941673472,0.2866919405629176,0.2866919405629176,0.147209147008829,0.03563846923049175,0.11558589523482106,0.04799468978554632,0.004904414382502042,0.06800224503897395,0.002304101314243988,0.5710797798115914,0.0037645444321464322,0.0008806113779034161,0.00263610238295066
37,complete,3276,3365.6067636877865,3366,90,200,18000.000000000004,0.023609218161823264,0.15321216541670465,0.09861371429996078,0.0015208156214111604,0.0015208156214111604,0.11140797222365986,0.023609218161823264,0.0015208156214111604,0.2924926324358973,0.2924926324358973,0.15213177669184022,0.034685427557527196,0.11140797222365992,0.04721843632364655,0.004562446864233488,0.05731053848318061,0.0030427304238003065,0.5819425344479944,0.0037218121036106627,0.0010803887248644673,0.0028959361556423224
38,complete,3367,3456.6067636877865,3457,90,200,18000.0,0.022842643967446376,0.15054139183873277,0.10093913128056983,0.0015767242288635371,0.0015767242288635371,0.11574368647245047,0.022842643967446376,0.0015767242288635371,0.29118016489338183,0.29118016489338183,0.14957703995967014,0.034671677936764796,0.11574368647245047,0.04568528793489275,0.004730172686590615,0.05986877632980967,0.002245416095356415,0.5801149136914072,0.003744979504922626,0.000964351879062554,0.002653697509072724
39,complete,3458,3547.6067636877865,3548,90,200,18000.000000000004,0.024247637353879907,0.14744957379674223,0.11029663541504739,0.0015859210408166518,0.0015859210408166518,0.11817087319941104,0.024247637353879907,0.0015859210408166518,0.2854149398792948,0.2854149398792948,0.1466194236285407,0.03698546090454997,0.11817087319941107,0.04849527470775982,0.004757763122449955,0.06676316291121404,0.0028878207644070955,0.5679420589941825,0.003847766321765746,0.0008301501682014857,0.002700245277517635
40,complete,3549,3638.6067636877865,3639,90,200,17999.999999999996,0.021249132712646893,0.15656935115828732,0.11380992148913795,0.0012666841613649079,0.0012666841613649079,0.11218301203161095,0.021249132712646893,0.0012666841613649079,0.2855696987057876,0.2855696987057876,0.1555677417021716,0.03780031655781331,0.11218301203161093,0.04249826542529378,0.0038000524840947217,0.06762763695554382,0.003254332601122856,0.5678850648104526,0.004761394741917459,0.0010016094561156226,0.0036205732338633295
41,complete,3640,3729.6067636877865,3730,90,200,18000.000000000004,0.01907833186224396,0.16084961745357482,0.11070808058705067,0.0010097704926313223,0.0010097704926313223,0.11094734456974537,0.01907833186224396,0.0010097704926313223,0.2881544910936236,0.2881544910936236,0.1598636054351578,0.03693693711408185,0.11094734456974534,0.038156663724487914,0.003029311477893966,0.06441240332499326,0.004100946045805337,0.572208036141442,0.0052581348172323775,0.000986012018417102,0.004100605330743148
42,complete,3731,3820.6067636877865,3821,90,200,17999.999999999996,0.023409536393462587,0.1598753082536401,0.10616166509321363,0.0015496234591979448,0.0015496234591979448,0.1198457204480539,0.023409536393462587,0.0015496234591979448,0.28132468152028667,0.28132468152028667,0.15905042015151166,0.03508303505572464,0.1198457204480539,0.046819072786925174,0.004648870377593836,0.0641119250031568,0.003074099388643542,0.55957526365193,0.003992151701245135,0.0008248881021283666,0.002974553333087057
43,complete,3822,3911.6067636877865,3912,90,200,18000.0,0.023857568890052364,0.1519331056429699,0.10853552130587522,0.0016419442426648335,0.0016419442426648335,0.11868481979193707,0.023857568890052364,0.0016419442426648335,0.28410279137555927,0.28410279137555927,0.1510709934334781,0.03503905975138328,0.11868481979193704,0.047715137780104715,0.004925832727994501,0.06705992459602146,0.0022797002488115334,0.5659258825023071,0.0038262074685978726,0.0008621122094918095,0.0026103294898725433
44,complete,3913,4002.6067636877865,4003,90,200,18000.0,0.023714351870668202,0.16428348324553138,0.0891392374831609,0.0015263420027753305,0.0015263420027753305,0.11232680837273945,0.023714351870668202,0.0015263420027753305,0.2911213705744529,0.2911213705744529,0.1630719980503294,0.03206086006184798,0.11232680837273944,0.0474287037413364,0.004579026008325992,0.05039160635889584,0.003016117690828566,0.5792266234580773,0.003815984572943175,0.0012114851952020023,0.002870786489473881
45,complete,4004,4093.6067636877865,4094,90,200,18000.0,0.023276677240500223,0.14814581687298087,0.10400539027136069,0.0016141306042154564,0.0016141306042154564,0.11793103514224468,0.023276677240500223,0.0016141306042154564,0.2892610057098835,0.2892610057098835,0.14730130505061428,0.03390798051783446,0.11793103514224466,0.04655335448100044,0.004842391812646367,0.06381407117972436,0.002275948582418296,0.5762460628373487,0.0036084992572576586,0.0008445118223665632,0.0026748393165441416
46,complete,4095,4184.606763687786,4185,90,200,18000.000000000004,0.02436457096645093,0.14643485136721165,0.10961725100250724,0.0015988862951596841,0.0015988862951596841,0.1179645176452124,0.02436457096645093,0.0015988862951596841,0.28622878958334386,0.28622878958334386,0.14555845606470025,0.036761139496202744,0.1179645176452124,0.04872914193290186,0.004796658885479053,0.06642792846069888,0.0028467710230226525,0.5696108081436653,0.0037894263895949304,0.0008763953025113829,0.0026387566560106377
47,complete,4186,4275.606763687786,4276,90,200,18000.000000000004,0.01977933055080242,0.15487258800999662,0.11633426563901922,0.0011306122830114934,0.0011306122830114934,0.10973987073810904,0.01977933055080242,0.0011306122830114934,0.2880513888311179,0.2880513888311179,0.15389254565154067,0.03950586523988001,0.10973987073810904,0.03955866110160484,0.00339183684903448,0.06759341452894409,0.003888478892953368,0.5722142987692824,0.005145780128374941,0.000980042358455966,0.0040892057418201065
48,complete,4277,4366.606763687786,4367,90,200,18000.000000000004,0.01931929367376245,0.15837998991675095,0.11077886898293267,0.0010664839599915513,0.0010664839599915513,0.10891078601045111,0.01931929367376245,0.0010664839599915513,0.2900461579311829,0.2900461579311829,0.15729452951170736,0.03608599488721961,0.10891078601045114,0.03863858734752491,0.003199451879974656,0.06568890269939537,0.003673628490209319,0.5764186873721565,0.005134369621765141,0.001085460405043515,0.003869601774552506
49,complete,4368,4457.606763687786,4458,90,200,18000.000000000007,0.02368696633881437,0.15951924343405796,0.10681065758624846,0.001604912164994525,0.001604912164994525,0.12129061812666424,0.02368696633881437,0.001604912164994525,0.2800954058402085,0.2800954058402085,0.15880102200407964,0.03628359462731164,0.12129061812666424,0.04737393267762874,0.004814736494983575,0.06400342885789691,0.002891593105463402,0.5572992185749537,0.0037180059915692585,0.0007182214299782565,0.0028056281094706904
50,complete,4459,4548.606763687786,4549,90,200,18000.000000000004,0.024269513006999865,0.15574513320173947,0.10739902068622824,0.0016441661377788821,0.0016441661377788821,0.12059402860027799,0.024269513006999865,0.0016441661377788821,0.28139514654220893,0.28139514654220893,0.15489182845039834,0.035041944646201084,0.12059402860027799,0.04853902601399973,0.004932498413336647,0.06584021180121866,0.00226529075077155,0.5605250023336464,0.003938347244873171,0.0008533047513411101,0.0025785169939353623
51,complete,4550,4639.606763687786,4640,90,200,17999.999999999996,0.023243183668862858,0.17096884760843528,0.08897224942295306,0.0015303275556712694,0.0015303275556712694,0.1140321303165592,0.023243183668862858,0.0015303275556712694,0.28747471132365643,0.28747471132365643,0.16985264274439915,0.031718822974010547,0.1140321303165592,0.046486367337725716,0.004590982667013809,0.050651878275860165,0.0029946004401146184,0.5719548222071983,0.0037403823714105937,0.001116204864036144,0.0028611658016717305
52,complete,4641,4730.606763687786,4731,90,200,18000.0,0.02385808457344418,0.15116784349812654,0.10231791682436801,0.0015976362170693188,0.0015976362170693188,0.11796299318879389,0.02385808457344418,0.0015976362170693188,0.28802108434530765,0.28802108434530765,0.15030197542241872,0.03232946079180893,0.11796299318879384,0.04771616914688834,0.004792908651207956,0.06354107377322159,0.0023347728678023163,0.5737073958228132,0.003738475134429317,0.0008658680757077809,0.0027089071249080973
53,complete,4732,4821.606763687786,4822,90,200,18000.0,0.023100152718117755,0.14953710965218525,0.10822585179321227,0.0015096255217812416,0.0015096255217812416,0.11700733707957192,0.023100152718117755,0.0015096255217812416,0.2872502597367257,0.2872502597367257,0.1486453798926377,0.03622355088551603,0.11700733707957192,0.04620030543623551,0.0045288765653437296,0.06512154866812431,0.003176926040033209,0.5713235934334182,0.003968183768033536,0.0008917297595475179,0.002912568471538373
54,complete,4823,4912.606763687786,4913,90,200,18000.0,0.01936774505225286,0.1552327097275293,0.116987289376635,0.0010890251882464416,0.0010890251882464416,0.10933942828717422,0.01936774505225286,0.0010890251882464416,0.2882190034697082,0.2882190034697082,0.15420598313682374,0.03994969923512941,0.10933942828717418,0.0387354901045057,0.0032670755647393234,0.06743213985000887,0.004240036874133822,0.5721979700652827,0.005290809517491494,0.001026726590705518,0.0043146407740051245
55,complete,4914,5003.606763687786,5004,90,200,17999.999999999996,0.020184929316978045,0.1513858815750672,0.11149146847194752,0.001208875739365054,0.001208875739365054,0.10958495157396643,0.020184929316978045,0.001208875739365054,0.29177060626348383,0.29177060626348383,0.15039806305118006,0.035863009807109644,0.10958495157396643,0.04036985863395609,0.0036266272180951603,0.06740805218260976,0.003104792972593987,0.5804364195543736,0.004640919367659315,0.0009878185238871447,0.0035794871145687977
56,complete,5005,5094.606763687786,5095,90,200,18000.000000000004,0.023274574425341667,0.15763193820152271,0.1054358870387535,0.0015559727312481433,0.0015559727312481433,0.11892798099903598,0.023274574425341667,0.0015559727312481433,0.28339356335813,0.28339356335813,0.15682918127281412,0.03474818018358484,0.11892798099903598,0.046549148850683335,0.004667918193744429,0.06411269362531087,0.002940997864705267,0.5638461288515548,0.0037211174035110192,0.0008027569287085743,0.0028538958263468125
57,complete,5096,5185.606763687786,5186,90,200,18000.000000000004,0.02443607415371896,0.16544166061097326,0.099876961266251,0.0016230712434200435,0.0016230712434200435,0.12121197142409569,0.02443607415371896,0.0016230712434200435,0.279864022330491,0.279864022330491,0.16449266180207436,0.03557266896575293,0.12121197142409566,0.048872148307437906,0.004869213730260126,0.05775677434284885,0.0022651647296361784,0.557462879931346,0.004007235923309451,0.0009489988088987683,0.0025402820343397347
58,complete,5187,5276.606763687786,5277,90,200,18000.000000000004,0.023499888159332613,0.168318277916374,0.09979197307342513,0.0015481087339225647,0.0015481087339225647,0.11558855127740837,0.023499888159332613,0.0015481087339225647,0.28232854760617976,0.28232854760617976,0.16736081328443145,0.03420838566550061,0.11558855127740837,0.046999776318665226,0.0046443262017676935,0.05905020979429758,0.002970287299920212,0.5616868079124392,0.0036812941182306825,0.0009574646319425602,0.002852083495396351
59,complete,5278,5367.606763687786,5368,90,200,17999.999999999996,0.02399721479313099,0.15374914787834837,0.10236581421758177,0.0015681291135762397,0.0015681291135762397,0.1175962393960789,0.02399721479313099,0.0015681291135762397,0.28679499079050014,0.28679499079050014,0.15288285929454193,0.031406178288735355,0.11759623939607886,0.04799442958626196,0.004704387340728721,0.0644069819688477,0.0024314346626994904,0.5711585469183009,0.0038005943381191655,0.0008662885838064267,0.0027520596218795117
60,complete,5369,5458.606763687786,5459,90,200,18000.000000000004,0.0212119998639386,0.1529198190418511,0.10767920292126182,0.0013413373722366408,0.0013413373722366408,0.11561762471785546,0.0212119998639386,0.0013413373722366408,0.2886676707372222,0.2886676707372222,0.15199911013784254,0.0358386305478843,0.11561762471785546,0.0424239997278772,0.004024012116709921,0.06406787111980679,0.0036966738499334233,0.5736386676245112,0.004355096516080511,0.0009207089040084699,0.0034176047374901795
61,complete,5460,5549.606763687786,5550,90,200,18000.0,0.019281787798808958,0.15516671539079213,0.11710659321012504,0.0010934511809526655,0.0010934511809526655,0.11016973130438777,0.019281787798808958,0.0010934511809526655,0.28785651547710955,0.28785651547710955,0.1541024371391634,0.03984474857896437,0.11016973130438773,0.0385635755976179,0.003280353542857994,0.06765355483463659,0.0043521601618018895,0.5713608707924174,0.005246119163021181,0.0010642782516287641,0.0043621706335028685
62,complete,5551,5640.606763687786,5641,90,200,17999.999999999996,0.021782940523610805,0.14496815906132834,0.11251510517009354,0.001371064508500214,0.001371064508500214,0.11184679387430162,0.021782940523610805,0.001371064508500214,0.2914954336607772,0.2914954336607772,0.14410540412918596,0.03627649014727212,0.1118467938743016,0.0435658810472216,0.004113193525500642,0.06904487027678273,0.002810667314214033,0.5801802000073403,0.004090598284186012,0.0008627549321423628,0.0031031464618526076
63,complete,5642,5731.606763687786,5732,90,200,17999.999999999996,0.022982396939337024,0.15528489872313267,0.10375229288121547,0.001501948194168609,0.001501948194168609,0.11662889824336768,0.022982396939337024,0.001501948194168609,0.28693163584555215,0.28693163584555215,0.15435663763482776,0.03260251800130988,0.11662889824336763,0.045964793878674026,0.004505844582505829,0.06449352650950077,0.0029830399381813384,0.570880231752923,0.003770686742975249,0.0009282610883048185,0.00288556162742958
64,complete,5733,5822.606763687786,5823,90,200,18000.000000000004,0.023975201100299878,0.17139664128774382,0.0929995362999449,0.0015897385014284067,0.0015897385014284067,0.11965683505040663,0.023975201100299878,0.0015897385014284067,0.28161368482850985,0.28161368482850985,0.1703887709539045,0.03625489868275065,0.11965683505040665,0.04795040220059976,0.004769215504285222,0.05019492393755028,0.00226189612187116,0.5609654735351486,0.004011755197938119,0.0010078703338392203,0.0025379584817058886
65,complete,5824,5913.606763687786,5914,90,200,17999.999999999996,0.024001610479212197,0.15994884176769814,0.10891329665610858,0.0015678177605045205,0.0015678177605045205,0.11462651645593464,0.024001610479212197,0.0015678177605045205,0.2819023354401604,0.2819023354401604,0.1590294584630021,0.036080567158032414,0.11462651645593458,0.048003220958424374,0.0047034532815135605,0.06619076869956339,0.0029511123025302956,0.5608535585777905,0.003797421138275042,0.0009193833046959696,0.002844539660237746
66,complete,5915,6004.606763687786,6005,90,200,17999.999999999996,0.02351544306786404,0.1551059554549294,0.1073665127845131,0.0015531504462380783,0.0015531504462380783,0.11790383112467533,0.02351544306786404,0.0015531504462380783,0.2839666815807199,0.2839666815807199,0.1543106855407571,0.033840942790736676,0.11790383112467531,0.047030886135728076,0.0046594513387142366,0.0670473023660968,0.0024744722999590885,0.5654588908614809,0.0036902183459220582,0.000795269914172239,0.0027880492817575196
67,complete,6006,6095.606763687786,6096,90,200,18000.000000000004,0.02014236718162382,0.15709151573018929,0.1072644932325361,0.0011497399815949035,0.0011497399815949035,0.11451822491034089,0.02014236718162382,0.0011497399815949035,0.28869590590945066,0.28869590590945066,0.15611355659716217,0.03498607696079361,0.11451822491034089,0.04028473436324764,0.0034492199447847096,0.06354718622498194,0.004201751226894894,0.5731900605920064,0.0049094943933208225,0.000977959133027119,0.003821735653439768
68,partial,6097,6186.606763687786,6107.709188424394,10.709188424393687,200,1999.9999999999995,0.018755362216085175,0.16007781790327025,0.11186748874522924,0.0010731672903281835,0.0010731672903281835,0.11167982371059058,0.018755362216085175,0.0010731672903281835,0.28782232166887756,0.28782232166887756,0.15907532429479038,0.037311037833479804,0.1116798237105906,0.03751072443217036,0.0032195018709845506,0.06496396486136963,0.005045446919810205,0.5705991964179449,0.004901423632779198,0.001002493608479765,0.004691062417600679
